,GAN_data_accuracy,QGAN_data_accuracy
0,"[0.9089900110987791, 0.9123196448390677]","[0.4839067702552719, 0.5283018867924528]"
