,GAN_data_accuracy,QGAN_data_accuracy
0,"[0.8680555555555556, 0.8694444444444445, 0.9013888888888889, 0.8819444444444444, 0.8777777777777778, 0.9027777777777778, 0.8986111111111111, 0.9069444444444444, 0.8861111111111111, 0.8555555555555555]","[0.4708333333333333, 0.4986111111111111, 0.4083333333333333, 0.4166666666666667, 0.4097222222222222, 0.40555555555555556, 0.3888888888888889, 0.4125, 0.40555555555555556, 0.43333333333333335]"
