,GAN_data_accuracy,QGAN_data_accuracy
0,"[0.9724770642201835, 0.963302752293578, 0.9724770642201835, 0.9724770642201835, 0.9724770642201835, 0.963302752293578, 0.963302752293578, 0.9541284403669725, 0.9724770642201835, 0.9724770642201835]","[0.9724770642201835, 0.981651376146789, 0.9724770642201835, 0.9724770642201835, 0.981651376146789, 0.963302752293578, 0.981651376146789, 0.9724770642201835, 0.9724770642201835, 0.9724770642201835]"
