,GAN_data_accuracy,QGAN_data_accuracy
0,"[1.3888888888888888, 0.5555555555555556]","[1.1111111111111112, 0.8333333333333334]"
