,GAN_data_accuracy,QGAN_data_accuracy
0,"[0.9777777777777777, 0.9583333333333334, 0.975, 0.9777777777777777, 0.975, 0.9805555555555555, 0.9638888888888889, 0.9694444444444444, 0.9805555555555555, 0.9861111111111112]","[0.9861111111111112, 0.9833333333333333, 0.9944444444444445, 0.9888888888888889, 0.9888888888888889, 0.9861111111111112, 0.9916666666666667, 0.9861111111111112, 0.9833333333333333, 0.9861111111111112]"
