,GAN_data_accuracy,QGAN_data_accuracy
0,"[0.8277777777777777, 0.8722222222222222, 0.7041666666666667, 0.6444444444444445, 0.85, 0.8583333333333333, 0.6277777777777778, 0.6333333333333333, 0.8569444444444444, 0.8805555555555555]","[0.6611111111111111, 0.6541666666666667, 0.7444444444444445, 0.75, 0.775, 0.7930555555555555, 0.7708333333333334, 0.6638888888888889, 0.7833333333333333, 0.8]"
