,GAN_data_accuracy,QGAN_data_accuracy
0,"[42.16417910447761, 48.88059701492537, 36.38059701492537, 44.58955223880597, 46.082089552238806, 50.93283582089552, 32.276119402985074, 30.41044776119403, 40.11194029850746, 39.55223880597015]","[22.574626865671643, 40.11194029850746, 20.52238805970149, 25.186567164179106, 23.880597014925375, 26.119402985074625, 32.649253731343286, 34.14179104477612, 34.88805970149254, 48.134328358208954]"
