,GAN_data_accuracy,QGAN_data_accuracy
0,"[0.9590316573556797, 0.957169459962756, 0.9702048417132216, 0.957169459962756, 0.9590316573556797, 0.9422718808193669, 0.9422718808193669, 0.9646182495344506, 0.962756052141527, 0.9050279329608939]","[0.7579143389199255, 0.7541899441340782, 0.7318435754189944, 0.7318435754189944, 0.7430167597765364, 0.8100558659217877, 0.7635009310986964, 0.7057728119180633, 0.8081936685288641, 0.7690875232774674]"
