,GAN_data_accuracy,QGAN_data_accuracy
0,"[0.9777777777777777, 0.9583333333333334]","[0.9861111111111112, 0.9833333333333333]"
