,GAN_data_accuracy,QGAN_data_accuracy
0,91.55555555555557, 92.27777777777777
